[{"username":"\u6d4b\u8bd5\u7528\u6237_6278_default-avatar","avatar":"ions\/default-avatar.png","text":"Hello world \uff01"},{"username":"\u6d4b\u8bd5\u7528\u6237","avatar":"uploads\/avatars\/6849d4f780400_IMG_20250612_031133.jpg","text":"Hello\u5440\uff0c\u5c0f\u53ef\u7231\u4eec"},{"username":"\u6d4b\u8bd5\u7528\u6237","avatar":"uploads\/avatars\/6849d4f780400_IMG_20250612_031133.jpg","text":"uploads\/movcs\/IMG_20250612_031133.jpg","original":"uploads\/movcs\/IMG_20250612_031133.jpg","isMedia":true,"isImage":true,"isVideo":false},{"username":"\u6d4b\u8bd5\u7528\u6237","avatar":"uploads\/avatars\/6849d4f780400_IMG_20250612_031133.jpg","text":"uploads\/movcs\/\u56de\u5fc6\u6210\u4e86\u5927\u95ee\u9898 \u6211\u597d\u60f3\u4f60 \u5728\u6bcf\u4e2a\u591c\u91cc.  \u97f3\u4e50  \u70ed  \u83f2\u83f2\u516c\u4e3b @\u5feb\u624b\u70ed\u70b9(O3xddgkd5fav5if9) @\u4f1a\u706b(O3xen9civbrbibgk)-\u5feb.mp4","original":"uploads\/movcs\/\u56de\u5fc6\u6210\u4e86\u5927\u95ee\u9898 \u6211\u597d\u60f3\u4f60 \u5728\u6bcf\u4e2a\u591c\u91cc.  \u97f3\u4e50  \u70ed  \u83f2\u83f2\u516c\u4e3b @\u5feb\u624b\u70ed\u70b9(O3xddgkd5fav5if9) @\u4f1a\u706b(O3xen9civbrbibgk)-\u5feb.mp4","isMedia":true,"isImage":false,"isVideo":true}]